序号,人物,关系,时间1,重要事件1,时间2,重要事件2,时间3,重要事件3,时间4,重要事件4,时间5,重要事件5,
1,周作人,亲属,1885年,结识（兄弟）,1917年4月,随鲁迅到北京,1912-1923年,互通信件900通,1923年7月,兄弟关系破裂，鲁迅搬出八道湾,,,
2,周建人,亲属,1888年,结识（兄弟）,,,,,,,,,
3,羽太信子,亲属,1909年,结识（弟媳）,,,,,,,,,
4,阮和孙,亲属,1885年,结识（表兄）,1936年,书信往来保持,,,,,,,
5,车耕南,亲属,不详,结识（亲属）,,,,,,,,,
6,周销凤,亲属,不详,结识（族伯）,1913年10月25日,到教育部看鲁迅,1913年11月3日,鲁迅回访并请吃饭,1917-1919年,书信往来,,,
7,周丰一,亲属,1912年,出生（侄儿）,1919年,迁至北京，鲁迅常买食品和玩具,1923年,鲁迅兄弟失和后不再来往,,,,,
8,陈仲篪,亲属,1913年8月29日,初次访鲁迅,1915年7月18日,向鲁迅借钱被拒,,,,,,,
9,羽太芳子,亲属,不详,结识（弟媳）,,,,,,,,,
10,羽太重久,亲属,不详,结识（妻弟）,,,,,,,,,
11,周静子,亲属,1914年,出生（侄女）,,,,,,,,,
12,周若子,亲属,1915年,出生（侄女）,,,,,,,,,
13,鲁寄湘,亲属,不详,结识（小舅父）,,,,,,,,,
14,周冲,亲属,不详,（侄儿，早夭）,,,,,,,,,
15,阮久荪,亲属,不详,结识（表弟）,1916年6月,因神经错乱到北京，鲁迅请医生治疗,,,,,,,
16,章介眉,亲属,不详,结识（族人）,1916年10月6日,拜访鲁迅,1916年10月10日,鲁迅回访,,,,,
17,周鞠子,亲属,1917年,出生（侄女）,1917年后,鲁迅常去医院探望并买玩具,,,,,,,
18,周丰二,亲属,1919年,出生（侄儿）,1920年,鲁迅多次前往医院为其看病,,,,,,,
19,朱六琴,亲属,不详,结识（叔父）,1921年9月12日,拜访鲁迅,,,,,,,
20,朱可铭,亲属,不详,结识（兄长）,1920年,拜访鲁迅,1921年,拜访鲁迅,1913-1924年,书信往来,,,
21,鲁瑞,亲属,1881年,结识（母亲）,1919年,随鲁迅迁至北京八道湾,1924年,随鲁迅迁至西三条21号院,1936年后,鲁迅常给母亲写信,,,
22,朱安,亲属,1906年,结婚,1919年,随鲁迅全家迁到八道湾,1924年,随鲁迅迁至砖塔胡同、西三条21号,1926年,鲁迅南下后陪伴鲁迅母亲,,,
23,章士英,亲属,不详,结识（族婿）,1921年10月2日,看望鲁迅,1922年1月27日,看望鲁迅,,,,,
24,蒋子奇,亲属,不详,结识（表亲）,1921年10月22日,探望鲁迅,1921年10月23日,探望鲁迅,1921年10月30日,探望鲁迅,,,
25,郦荔臣,亲属,不详,结识（表兄）,,,,,,,,,
26,许广平,亲属,1925年3月11日,首次写信给鲁迅（学生）,1926年,与鲁迅同时离京南下,1927年9月,与鲁迅同赴上海定居（夫人）,,,,,
27,许铭伯,同乡,1912年5月5日,鲁迅初到北京当晚拜访,1913年,鲁迅为其饯行,1921年7月1日,许铭伯去世,,,,,
28,许诗荃,同乡,1912年,与鲁迅同船到北京,1913年10月22日,鲁迅出席其订婚宴,1926年8月,鲁迅离京后失去联系,,,,,
29,宋紫佩,同乡,不详（1912年前）,结识（同乡、学生、同事）,1913年3月30日,到北京与鲁迅同住绍兴会馆,1926年后,鲁迅托其照顾家人,,,,,
30,蔡国青,同乡,不详（日本留学）,结识（同期留日）,1912年5月,与鲁迅同至北京,1921年4月17日,蔡国青去世，鲁迅给礼银,,,,,
31,童鹏超,同乡,不详（1912年前）,结识（学生）,1912年5月20日,鲁迅收到其信,1914年1月,送食品给鲁迅，鲁迅退回,,,,,
32,谢西园,同乡,不详,结识（同乡）,1912-1913年,经常造访鲁迅,1917年6月2日,鲁迅收到其明信片,,,,,
33,陈子英,同乡,1906年左右,结识（同期留日）,1913年2月,到北京，鲁迅多次请其饮酒聚餐,1913年,鲁迅回家探亲时拜访,1919年,鲁迅回家探亲时拜访,,,
34,陈公猛,同乡,不详（日本留学）,结识（同期留日）,1912年,与鲁迅多次互访,1915年9月,再无联系,,,,,
35,俞英崖,同乡,1912年6月,与鲁迅有几次聚会,,,,,,,,,
36,王叔眉,同乡,1912年7月22日,同在陈公猛家为蔡元培饯别,,,,,,,,,
37,冯汉叔,同乡,1909年,结识（同事）,1912年8月,三次到教育部拜访鲁迅,,,,,,,
38,寿洙邻,同乡,不详（儿时）,结识（塾师之子）,1912-1923年,保持往来,1923年,来往减少,1956年,写回忆文章,,,
39,袁文薮,同乡,不详（日本留学）,结识（同期留日）,1912年9月24日,看望鲁迅,1913年2月27日,鲁迅赠《域外小说集》,1914年5月30日,鲁迅寄赠《炭画》,,,
40,蒋抑卮,同乡,1902年,同期到日本留学,1904年,鲁迅从日本写信给蒋抑卮,1909年,资助出版《域外小说集》,1928年,保持书信往来,,,
41,许诗苓,同乡,不详,结识（同乡）,1912-1919年,曾5次与鲁迅相聚,,,,,,,
42,俞毓吴,同乡,不详,结识（同乡）,,,,,,,,,
43,周大封,同乡,1913年1月3日,拜访鲁迅,,,,,,,,,
44,张稼庭,同乡,不详（1912年前）,结识（同事）,1913年,多次与鲁迅等同乡聚餐,,,,,,,
45,曾丽润,同乡,不详,结识（同乡）,1918年,其母过寿，鲁迅等合送寿屏,,,,,,,
46,朱希祖,同乡,1908年,结识（同学、同事）,1912-1926年,保持往来，互赠书籍、拓片，经常聚餐饮酒,,,,,,,
47,马幼渔,同乡,1908年,结识（同学）,1920年8月,聘请鲁迅到北京大学讲授中国小说史,1934年,保持和鲁迅的书信往来,,,,,
48,芷青 (朱联沅),同乡,1913年3月1日,许寿裳请客时同在座,,,,,,,,,
49,沈尹默,同乡,不详（1913年前）,结识,1918年,参与编辑《新青年》,1925年5月,与鲁迅等联名发表《关于北京女子师范大学风潮宣言》,,,,,
50,林式言,同乡,不详（1912年前）,结识（同事）,1913年3月14日,至部来访鲁迅,,,,,,,
,,,,,,,,,,,,,
51,钱玄同,同乡,不详（日本留学）,结识（同学）,1917年,加入《新青年》，与鲁迅关系密切,1920年,《新青年》编委会分化，关系渐渐疏远,,,,,
52,王惕如,同乡,不详,结识（同乡）,1913-1915年,与鲁迅常有聚餐、交谈等交往,,,,,,,
53,王幼山,同乡,1913年3月24日,何燮侯招饮时与鲁迅同在座,,,,,,,,,
54,李霞卿,同乡,不详（1912年前）,结识（学生、同事）,1926年,鲁迅离京后，两人就再无联系,,,,,,,
55,沈钧儒,同乡,1909年,结识（聘请鲁迅任教）,1913年,到鲁迅家中与其会面,1914年,到鲁迅家中与其会面,1917年,其子结婚、母去世，鲁迅出席,,,
56,魏福绵,同乡,不详（1913年前）,结识,1913年,考人北京大学预科，请鲁迅作保人,1919年,自北京大学工科毕业,,,,,
57,关来卿,同乡,不详（1913年前）,结识,1913-1914年,与鲁迅来往密切，多有互访,,,,,,,
58,钱念敏,同乡,不详,结识（同乡）,1913年9月28日,在国子监祭孔时从旁大声而骂,,,,,,,
59,倪汉章,同乡,1913年9月15日,蔡谷卿招饮时与鲁迅同在座,1913年9月21日,绍兴会馆行秋祭礼时到场,,,,,,,
60,陶冶一,同乡,不详（日本留学）,结识（同期留日）,,,,,,,,,
61,陶书臣,同乡,1913年12月,来北京看鲁迅，鲁迅为其写介绍信,1919年,为鲁迅搬入八道湾送藤椅、铁制家具,,,,,,,
62,范文澜,同乡,1913年,在绍兴会馆与鲁迅相识,1917年,自北京大学毕业后赴日本留学,,,,,,,
63,童杭时,同乡,1914年1月,拜访鲁迅，欲请吃饭，鲁迅不赴,1916年9月12日,拜访鲁迅,,,,,,,
64,俞伯英,同乡,1912年9月11日,胡孟乐招饮时与鲁迅同在座,1914年1月9日,与车耕南一起拜访鲁迅,,,,,,,
65,陈公侠,同乡,1902年,留学日本时与鲁迅相识,1912-1920年,曾多次拜访鲁迅并有书信往来,,,,,,,
66,蒋孟平,同乡,1914年,通过蒋抑卮与鲁迅结识,1917年1月5日,赠鲁迅唐《杜山感兄弟造象》拓本,,,,,,,
67,来雨生,同乡,不详（日本留学）,结识（同期留日）,1914年,三次到教育部拜访鲁迅，并请鲁迅吃饭,,,,,,,
68,沈稚香,同乡,1914年1月23日,与陈东皋到北京拜访鲁迅,,,,,,,,,
69,陈东皋,同乡,1914年1月23日,与沈稚香到北京拜访鲁迅,,,,,,,,,
70,丁葆园,同乡,1914年1月25日,拜访鲁迅,,,,,,,,,
71,沈后青,同乡,不详,结识（同乡）,1913-1914年,与鲁迅有多次互访,,,,,,,
72,谢晋,同乡,1914年4月15日,因投考县知事来请鲁迅作保,,,,,,,,,
73,董仿都,同乡,1914年5月5日,同裘子元同访鲁迅,1914年5月15日,鲁迅回访,,,,,,,
74,胡仰曾,同乡,不详（日本留学）,结识（同期留日）,1914年12月31日,在马幼渔家聚餐时与鲁迅同在座,,,,,,,
75,沈兼士,同乡,不详（1918年前）,结识,1925年,同鲁迅等发表《对于北京女子师范大学风潮宣言》,1926年,随鲁迅赴厦门大学国文系任教,1932年,邀请鲁迅到校演讲,,,
76,陶念卿,同乡,1915年,到北京后，经常拜访鲁迅,1918年后,《鲁迅日记》中无二人交往记载,,,,,,,
77,毛漱泉,同乡,不详（仙台求学）,结识（同期在仙台）,1914-1915年,与鲁迅多有来往,,,,,,,
78,马叙伦,同乡,不详（1915年前）,结识,1915年2月14日,与鲁迅等一起去章太炎家探望,,,,,,,
79,龚未生,同乡,不详（日本留学）,结识（同期听章太炎讲学）,1915年,多次拜访鲁迅,1916年,多次拜访鲁迅,1921年,书信往来保持,,,
80,徐耨仙,同乡,1915年3月24日,至京访鲁迅,,,,,,,,,
81,罗飏伯,同乡,1911年,结识（同事）,1915年,到北京时拜访鲁迅,1916年,到北京时拜访鲁迅,,,,,
82,周友芝,同乡,不详（1915年前）,结识（同乡）,1915年,常访鲁迅,1916年,常访鲁迅,1916年5月7日,访鲁迅，多发谬论而去,,,
83,俞明震,同乡,不详（南京求学）,结识（尊称为俞师）,,,,,,,,,
84,徐仲荪,同乡,不详（日本留学）,结识（同期留日）,1915年9月26日,看望鲁迅,,,,,,,
85,甘润生,同乡,不详（儿时）,结识（同学）,1915-1917年,多次看望鲁迅,,,,,,,
86,范伯昂,同乡,1915年10月31日,许铭伯请客时他与鲁迅同在座,,,,,,,,,
87,邵明之,同乡,不详（日本留学）,结识（同期留日）,1915-1916年,曾三次拜访鲁迅,1933年,有多次书信往来,,,,,
88,王子馀,同乡,1916年8月27日,到北京拜访鲁迅,1917年1月24日,到北京拜访鲁迅，鲁迅赠书,,,,,,,
89,顾鼎梅,同乡,不详（1917年前）,结识（同乡）,1917年,在河南为鲁迅代购多种拓片,1919年,将鲁迅所作跋文收入专集,,,,,
90,宋孔显,同乡,不详（1925年前）,结识（同乡）,1925年9月5日,拜访鲁迅,,,,,,,
91,封德三,同乡,不详（南京求学）,结识（校友）,1917年8月,4次探访鲁迅,1917年9月,4次探访鲁迅,1920年11月,到教育部看望鲁迅,,,
92,端木善孚,同乡,1917年8月26日,拜访鲁迅,,,,,,,,,
93,许骏夫,同乡,不详（1917年前）,结识（同乡）,1917-1920年,到北京时多次拜访鲁迅,,,,,,,
94,范乐山,同乡,1918年2月10日,拜访鲁迅,,,,,,,,,
95,马叔平,同乡,不详（1918年前）,结识（同乡）,1918-1923年,常有来往，书信不断，多次一起饮酒聚餐,1923年后,鲜有交往,,,,,
96,徐以孙,同乡,1918年5月18日,拜访鲁迅,1918年,书信往来很多，常互相寄赠拓片,,,,,,,
97,钱秣陵,同乡,1918年12月22日,刘半农设宴，鲁迅与周作人出席，同席,,,,,,,,,
98,沈士远,同乡,不详（1918年前）,结识,1918-1923年,多有来往，曾在一起聚会、宴饮、畅谈,,,,,,,
99,陈大齐,同乡,不详（1919年前）,结识,,,,,,,,,
100,许诗荀,同乡,不详,结识（同乡）,1924年,结婚，鲁迅贺礼金两元,,,,,,,
101,罗家伦,同乡,不详（1919年前）,结识（同乡）,1919年,与鲁迅有很多来往，鲁迅支持其办《新潮》杂志,,,,,,,
102,许诗芹,同乡,不详,结识（同乡）,1919-1926年,多次看望鲁迅，曾为鲁迅开治疗胃病的药方,,,,,,,
103,王倬汉,同乡,1921年4月3日,拜访鲁迅,1924年2月15日,拜访鲁迅,1924年6月27日,拜访鲁迅,,,,,
104,赵之远,同乡,1920年1月25日,拜访鲁迅,,,,,,,,,
105,李宗武,同乡,不详（1920年前）,结识（同乡）,1920-1924年,与鲁迅多有书信来往,1932年,到上海看望鲁迅,,,,,
106,章子青,同乡,不详（1920年前）,结识（同乡）,1920年2月11日,鲁迅拜访,1920年8月13日,鲁迅拜访,,,,,
107,邵次公,同乡,不详（1921年前）,结识（同乡）,1921年3月,鲁迅寄赠《域外小说集》,1924年12月8日,宋子佩设宴时同在座,,,,,
108,沈雁冰,同乡,1921年4月,与鲁迅开始通信,1926年8月30日,与鲁迅首次见面（在上海）,,,,,,,
109,许羡苏,同乡,1920年,到北京投考，暂住八道湾周宅,1921年,报考北京女师，鲁迅作保,1924年,自北京女子高等师范学校毕业,1926年,鲁迅南下后，帮鲁迅母亲料理家务,,,
110,章菊绅,同乡,不详（1912年前）,结识（同事）,1923年,与鲁迅有多次书信往来,,,,,,,
111,郁达夫,同乡,不详（1923年前）,结识,1923年,与鲁迅同在北京大学任教，来往密切,1925年,回京度假时拜访鲁迅,1926年,回京度假时拜访鲁迅,,,
112,孙惠迪,同乡,不详（1923年前）,结识（同乡）,1923-1925年,常随孙伏园与鲁迅相聚,,,,,,,
113,章矛尘,同乡,1923年4月8日,在中央公园首次与鲁迅见面,1924年,参与《语丝》出版发行,1927年,鲁迅为其标点的《游仙窟》作序,1927年,继鲁迅之后到厦门大学任职,,,
114,孙斐君,同乡,不详（1924年前）,结识,1924年,与章廷谦结婚,1925年,在河北省立高级中学任教，与鲁迅交往密切,,,,,
115,孙福熙,同乡,1919年11月9日,初次拜访鲁迅,1925年,留学回国，散文集在鲁迅帮助下出版,1925年,为鲁迅的《野草》、《小约翰》设计封面画,,,,,
116,俞芬,同乡,不详（1923年前）,结识（同乡）,1923年8月2日,鲁迅搬入砖塔胡同与其为邻,1924年5月25日,鲁迅居砖塔胡同期间相处融洽,,,,,
117,俞芳,同乡,不详（1923年前）,结识（同乡）,,,,,,,,,
118,俞藻,同乡,不详（1923年前）,结识（同乡）,,,,,,,,,
119,夏浮筠,同乡,1924年,拜访鲁迅，鲁迅赠《中国小说史略》,1924年,和鲁迅同时赴西安讲学,,,,,,,
120,袁甸盒,同乡,1924年,鲁迅通过俞芬向其求画,1933年,鲁迅编《北平笺谱》时将其作品编入,,,,,,,
121,郑介石,同乡,不详（1924年前）,结识（同乡）,1924年,女师大风潮中随鲁迅等前往调解,1924-1928年,多次拜访鲁迅,,,,,
122,姚梦生 (蓬子),同乡,1924年,拜访鲁迅,1925年,拜访鲁迅,1930年,加入"左联",1932年,鲁迅有《赠蓬子》诗,,,
123,陶元庆,同乡,1924年12月3日,首次和许钦文一起拜访鲁迅,1925年3月19日,西洋绘画展览会开幕，鲁迅出席并写序,1926年,为鲁迅作素描画像,1926年8月,到车站为鲁迅送行,,,
124,冯稷家,同乡,1924年12月8日,宋紫佩招饮时与鲁迅等同在座,,,,,,,,,
125,孙席珍,同乡,1925年,曾数次拜访鲁迅,,,,,,,,,
126,邵元冲,同乡,1925年2月17日,邀鲁迅赴宴，鲁迅"晚一赴即归",,,,,,,,,
127,许寿裳,同事,不详（日本留学）,结识（同窗，最亲密朋友）,1909年,回国邀鲁迅去浙江两级师范学堂任教,1912年,向蔡元培推荐鲁迅到教育部工作,1925年8月,鲁迅被免职，其愤而辞职,,,
128,蔡元培,同事,不详（1912年前）,结识,1912年,聘请鲁迅到教育部任职,1920年,聘请鲁迅为北京大学讲师,1927年,聘请鲁迅为特约撰述员,,,
129,胡梓方,同事,不详（1912年前）,结识（同事）,1912-1914年,与鲁迅有多次交往,,,,,,,
130,董恂士,同事,不详（1912年前）,结识（同事，上级好友）,1912年,与鲁迅一起在广和居聚饮,1916年3月5日,董去世，鲁迅看望家属并吊唁,,,,,
131,张协和,同事,不详（南京/日本）,结识（同窗好友）,1912年,同任教育部佥事，交往密切,1936年5月16日,最后一次看鲁迅,,,,,
132,何燮侯,同事,1902年,在东京组成浙江同乡会,1912年,鲁迅到京一周即来看望,1920年,在北京与鲁迅最后一次会晤,,,,,
133,杜海生,同事,1910年,任绍兴府中学堂监督时聘请鲁迅任教,1917-1918年,鲁迅常托其给家中汇款,1934年,与周建人一起看望鲁迅,,,,,
134,胡玉缙,同事,1912年,结识（同事）,1915年,互赠拓片,1917年5月23日,胡嫁女，鲁迅送银一元,,,,,
135,齐寿山,同事,1912年,结识（同事，密切朋友）,1917年,张勋复辟时助鲁迅避难,1924年,鲁迅购房时资金上帮忙,1925年,鲁迅被免职，其辞职抗议,,,
136,范源濂,同事,1912年,结识（曾任教育总长）,,,,,,,,,
137,杨莘耜,同事,不详（1912年前）,结识（同事，好友）,1918年,与鲁迅有过一次通信后无交往,,,,,,,
138,钱稻孙,同事,1912年,结识（同事，关系近）,1912年,与鲁迅、许寿裳设计国徽图案,1925年,女师大风潮后基本断绝来往,,,,,
139,伍博纯,同事,1912年8月6日,劝鲁迅入通俗教育研究会，鲁迅挂名,,,,,,,,,
140,汤哲存,同事,1912年8月31日,晚士招饮时同席,,,,,,,,,
141,夏穗卿,同事,1912年,结识（上司）,1913-1915年,交往甚密,1916年,转任京师图书馆馆长，关系疏远,1924年5月,去世，鲁迅交礼金并参加丧礼,,,
142,胡孟乐,同事,不详（日本/绍兴）,结识（同乡、同事）,1912年,初到北京时来看望,1913年9月11日,赠鲁迅汉画像拓本10枚,1913年年底,被教育部免官，鲁迅表达同情,,,
143,李梦周,同事,1912年9月7日,晚见李梦周于季市处,1918年4月1日,赙李梦周二元,,,,,,,
144,宋汲仁,同事,1912年9月28日,宋汲仁来,1913年12月19日,夜送其自著书十余册来，欲令作序,1913年12月24日,忽遣人来索去其书,1914年3月26日,晚寄书来，多风话,,,
145,戴螺舲,同事,1912年,结识（同事，朋友）,1912-1926年,交往记录百余处，关系亲近,1928年5月,还带着公子到上海看望鲁迅,,,,,
146,梅撷云,同事,1912年,结识（同事）,1912年,曾因公务与鲁迅一起考察，并赠书,,,,,,,
147,沈商耆,同事,1912年,结识（同事）,1912-1917年,记载有20次，一起工作、吃饭,,,,,,,
148,许季上,同事,1912年,结识（同事，交往甚密）,1912-1928年,交往记录二百五十多处,1914年,促成鲁迅出资刻印《百喻经》,,,,,
149,王伟忱,同事,不详（日本留学）,结识（同期留日，同事）,,,,,,,,,
150,游允白,同事,1912年,结识（同事，下属）,,,,,,,,,
,,,,,,,,,,,,,
151,常毅箴,同事,1912年,结识（同事，下属）,1913-1915年,交往较多，常逛小市买古钱、请鲁迅饮酒聚餐；其子满月时鲁迅前往祝贺并致礼金,,,,,,,
152,杨仲和,同事,1912年,结识（同事）,1913-1915年,交往较多，常一起逛小市，买古钱，他也经常请鲁迅饮酒聚餐；他的孩子满月时，鲁迅前往祝贺并给了礼金,,,,,,,
153,刘冠雄,同事,1913年1月28日,以海军总长兼任教育总长,1913年2月5日,下午到部演说少顷，不知所云,1913年3月19日,辞职,,,,,
154,陈象明,同事,1913年2月22日,陈象明母丧，致奠金一元,,,,,,,,,
155,黄元生,同事,不详（1913年前）,结识（同事）,1913-1914年,十余次登门拜访鲁迅，《鲁迅日记》中有"对坐良久，甚苦"，"其论甚奇可笑"的记载,,,,,,,
156,朱焕奎,同事,1913年,结识（同事）,1913年8月7日,邀鲁迅到便宜坊晚餐，为鲁迅接风,,,,,,,
157,吴雷川,同事,1912年,结识（同事）,1915年,鲁迅曾为宋紫佩请吴雷川写《宋氏族谱》的序,1916年2月,吴雷川创办景教书籍阅览所，鲁迅捐资4元赞助,,,,,
158,汤尔和,同事,不详（1912年前）,结识（同期留日）,1913年8月18日,何燮侯招饮的宴会上与鲁迅第一次见面,1913年后,有过多次互访，汤尔和赠送过医学方面的书籍给鲁迅,,,,,
159,王屏华,同事,1912年,结识（同事）,1914年,有几次与鲁迅等同事们一起聚餐,1915年8月31日,王屏华中风落职归，助三元,,,,,
160,汪大燮,同事,1913年9月,任教育总长,1913年9月15日,上午汪大燮到部，往见之,1913年9月28日,令部员往国子监祭孔，鲁迅前往观看,1914年1月,辞职,,,
161,伍仲文,同事,不详（南京/日本）,结识（同学，同事）,1913年,为教育部视学，常有互访,,,,,,,
162,祁伯冈,同事,1913年,鲁迅与祁伯冈始有交往,1917年后,没什么联系了,,,,,,,
163,王仲猷,同事,1912年,结识（同事）,1913年11月2日,王仲猷在铁门安庆会馆结婚，往观，礼式以新式参回教仪式为之,1923-1924年,常常相互走动，还经常书信往来；鲁迅西三条寓所的买定、装修等，都得到了王仲猷的热心帮助,,,,,
164,张仲素,同事,1912年,结识（同事）,1915年9月10日,晚齐寿山邀至其家食蟹，有张仲素等，大饮啖，剧谭，夜归,,,,,,,
165,毛子龙,同事,不详（1913年前）,结识（同事）,1913年,在宴会中与他同座的记载,1915年,在宴会中与他同座的记载,,,,,
166,顾养吾,同事,1912年,结识（同事）,1914年1月16日,在醉琼林饭庄请鲁迅与文明书局总纂张景良商榷出版周作人译《炭画》一书,1914年4月,《炭画》顺利出版,,,,,
167,陈墨涛,同事,1912年,结识（同事）,,,,,,,,,
168,徐吉轩,同事,1912年,结识（同事，好友）,1914-1925年,来往密切，除公务外，常在一起逛小市、买书籍互赠拓片,1929年,鲁迅回京探亲时，还特地拜访他,,,,,
169,陈师曾,同事,不详（南京/日本）,结识（同学，好友）,1913年,到北京从事美术教育工作，与鲁迅友谊颇深,1915年以后,经常一起吃饭、畅谈，逛琉璃厂、小市，买碑帖、画帖，互赠碑帖及汉画像拓片,,,,,
170,张阆声,同事,不详（1912年前）,结识（同事）,1914-1921年,多有往来，鲁迅曾赠他《会稽郡故书杂集》等书籍,,,,,,,
171,钱均夫,同事,不详（日本/杭州）,结识（同学，同事）,1914-1918年,多次一起共餐，他代鲁迅买过江苏出的拓片，鲁迅赠送过他《新青年》,,,,,,,
172,凌煦,同事,1912年,结识（同事）,1914年2月4日,拜访鲁迅，请其为参加应县知事考试的余瑞作保,,,,,,,
173,裘善元,同事,1912年,结识（同事，好友）,1914-1926年,裘善元常去找鲁迅聊天，常常是"夜裘子元来"，"至夜方去",1926年,鲁迅离京后，他们就无联系了,,,,,
174,梁善济,同事,1914年5月12日,次长梁善济到部，山西人，不了了,1914年,鲁迅送过他《百喻经》,,,,,,,
175,陈仲骞,同事,1912年,结识（同事）,1915年,鲁迅与陈仲骞交往不多，但应是关系不错的同事,,,,,,,
176,黄芷涧,同事,1912年,结识（同事）,1914-1915年,与鲁迅同处社会教育司时有交往，一起逛过小市买古钱,,,,,,,
177,林松坚,同事,1912年,结识（同事）,1914年12月31日,教育部社会教育司在珠市口金谷春饭庄公宴时，与鲁迅同在座,1919年,鲁迅找房、看房时，林松坚也帮了很多忙,,,,,
178,吴文瑄,同事,1912年,结识（同事）,1914年12月31日,教育部社会教育司在珠市口金谷春饭庄公宴时，与鲁迅同在座,,,,,,,
179,汪书堂,同事,1912年,结识（同事）,1915-1916年,交往频繁,,,,,,,
180,谈君讷,同事,不详（1915年前）,结识（同事）,1915年1月16日,宴请刘济舟时与鲁迅同在座,,,,,,,
181,朱炎之,同事,不详（1915年前）,结识（同事）,1915年3月31日,他请鲁迅等七人一起聚餐,,,,,,,
182,乔曾劬,同事,1915年,结识（同事）,1924年2月,鲁迅曾赠他《中国小说史略》一册,1924年9月,鲁迅请他书写《离骚》集句,,,,,
183,冀育堂,同事,1913-1916年,和鲁迅与社会教育司同事多次聚饮,1921年,他到北京还给鲁迅带了山西的汾酒,,,,,,,
184,白振民,同事,1915年,结识（同事）,1915年,鲁迅曾为宋紫佩请吴雷川写《宋氏族谱》的序，吴又转托白振民写,,,,,,,
185,高阆仙,同事,1915-1925年,与鲁迅常有来往，多次请鲁迅及同事、朋友饮宴,,,,,,,,,
186,虞叔昭,同事,不详（1915年前）,结识（同事）,1915年10月1日,叔昭请同事吃饭，鲁迅在座,1916年2月,虞叔昭结婚，鲁迅随礼一元,1916年6月,部里派人到总统府吊祭袁世凯，鲁迅向虞叔昭借了大礼服,,,
187,朱孝荃,同事,1912年,结识（同事）,1915年后,与鲁迅关系较密切，鲁迅曾赠送过他《会稽郡故书杂集》及碑帖拓片,1924年9月,朱孝荃去世时，鲁迅还付了礼金以示哀悼,,,,,
188,孙冠华,同事,1912年,结识（同事）,1915年11月4日,鲁迅到他家里参加丧礼,1920年3月17日,孙冠华嫁妹时鲁迅随了礼金二元,,,,,
189,孙伯恒,同事,1915年,结识（同事）,1915年11月13日,下午往琉璃厂……遇孙伯恒，遂至商务印书馆坐少顷，观土俑及杂拓本并唐人写经,1933年,鲁迅欲编《北平谱》时写给郑振铎的信中还提及请孙伯恒帮忙搜集信笺,,,,,
190,何沧苇,同事,1912年,结识（同事）,1915年,鲁迅曾与他和陈师曾同逛小市，还曾赠送给他《永明造像》拓片,,,,,,,
191,张一麐,同事,1915年10月,任教育总长,1915年10月29日,鲁迅曾被张总长召见,,,,,,,
192,王叔钧,同事,1912年,结识（同事）,1917年2月5日,王叔钧持赠《李业阙》拓本等给鲁迅,,,,,,,
193,蒋竹庄,同事,1912年,结识（同事）,1916年1月18日,得蒋竹庄父、兄讣，与同人合送幛子，分一元五角,,,,,,,
194,杨千里,同事,1912年,结识（同事）,1916年1月19日,午后杨千里赠《饮流斋说瓷》二本,,,,,,,
195,朱造五,同事,1912年,结识（同事）,1916年5月,鲁迅曾送过他《百喻经》一册,1925年9月,日本友人在石田料理店请客时，与鲁迅同在座,,,,,
196,潘企莘,同事,1916年,结识（同事）,1916年5月,到北京应试文官，鲁迅为他作保,1916-1925年,与鲁迅交往密切，拜访鲁迅五十多次,1925年10月,赴英留学后，即与鲁迅中断了联系,,,
197,王维白,同事,1912年,结识（同事）,1916年,他家有丧事时鲁迅曾付奠金,,,,,,,
198,李慎斋,同事,1916年,结识（同事）,1923-1925年,为社会教育司办事员，帮鲁迅购置新宅，《鲁迅日记》中就有五十多条相关记载,,,,,,,
199,李匡辅,同事,1912年,结识（同事）,1918年,李匡辅母亲去世，鲁迅参加了葬礼并付礼金4元,1920年1月10日,下午往池田医院为沛取药，并问李明澈君疾,,,,,
200,龙荫桐,同事,1918年,结识（同事）,1918年1月6日,曾拜访过鲁迅,,,,,,,
,,,,,,,,,,,,,
201,柯世五,同事,1918年1月19日,柯世五之弟妇，送两元,1924年2月8日,张国淦招午饭，同席吴雷川、柯世五陈次方、徐吉轩、甘某等,,,,,,,
202,范吉陆,同事,1916年5月,范吉陆丧母，鲁迅前去吊唁,1918年11月,范吉陆嫁女,1923年12月,丧妇，鲁迅出礼金,,,,,
203,程叔文,同事,1921年9月16日,曾访鲁迅,,,,,,,,,
204,徐思贻,同事,1919年7月20日,鲁迅曾参加他夫人的葬礼,1921年,一起逛过小市,1924年,一起逛过小市,,,,,
205,齐耀珊,同事,1921年12月,任农商总长兼教育总长,1921年12月29日,晨往齐耀珊寓,1922年4月,免教育总长兼职,,,,,
206,张绂,同事,1923年1月19日,因病故去，鲁迅"赙五元",,,,,,,,,
207,孙北海,同事,1923年3月18日,介绍日本友人到京师图书馆参观,1923年5月4日,介绍日本友人到京师图书馆参观,,,,,,,
208,罗膺中,同事,1924年,自北京大学研究所国学门研究生毕业后在教育部任职，与鲁迅同事,1923年8月23日,他结婚时鲁迅送贺礼元,1924年,女师大风潮爆发之初，鲁迅和他都曾应学生之邀至学校调解,,,,,
209,张国淦,同事,1924年1月,第二次任教育总长,1924年2月8日,曾招鲁迅等5人一起吃午饭,1924年9月,辞职,,,,,
210,陈次方,同事,1912年,结识（同事）,1924年2月8日,教育总长张国淦曾招鲁迅、陈次方等5人一起吃午饭,,,,,,,
211,罗蓂阶,同事,1924年3月2日,与李慎斋一起拜访鲁迅,1924年9月14日,又与李慎斋之子李若云一起拜访鲁迅，并赠自撰书屏四幅,,,,,,,
212,杨遇夫,同事,1920年,结识（同事）,1924-1925年,曾数次拜访鲁迅,,,,,,,
213,谢仁冰,同事,1912年,结识（同事）,1920年4月2日,他嫁妹时鲁迅送礼钱一元,1924年5月,他丧母时鲁迅出席了在广慧寺的葬礼,,,,,
214,陈文虎,同事,1912年,结识（同事）,1924年11月8日,鲁迅曾拜访之,,,,,,,
215,陈子良,同事,1925年1月21日,曾拜访鲁迅,,,,,,,,,
216,黎劭西,同事,1915年,结识（同事）,1925年3月21日,章衣萍、吴曙天、孙伏园欲向王又庸学习日语，故在西车站食堂设宴请客，当时邀鲁迅作陪，黎劭西也在座,1925年,年底，他又登门拜访过鲁迅,,,,,
217,邹明初,同事,1923年,结识（同事）,1925年5月22日,曾拜访鲁迅,1925年9月4日,曾拜访鲁迅,,,,,
218,章士钊,同事,1924年,结识（同事，上司）,1924-1926年,任司法总长兼教育总长,1925年,鲁迅因支持女师大学生运动被他革职，鲁迅为此向平政院提出控告，取得胜利后复职,,,,,
219,吕剑秋,同事,1925年9月2日,探访鲁迅,,,,,,,,,
220,符九铭,同事,1912年,结识（同事）,1926年7月1日,曾拜访鲁迅,,,,,,,
221,商契衡,学生,不详（1912年前）,结识（学生）,1912年,进入北京大学理科学习,1914-1915年,常年向鲁迅借学费,,,,,
222,钱允斌,学生,不详（1912年前）,结识（学生）,1913年4月,到北京造访鲁迅,1913年5月6日,晚钱允斌来，索去十元，云学资匮也以后再无消息,,,,,
223,王镜清,学生,不详（1912年前）,结识（学生）,1913年,考入北京大学预科，请鲁迅作保,1917年,退学。在京学习期间经常看望鲁迅，有时还带些茶叶，曾向鲁迅借钱以支付学费,,,,,
224,童亚镇,学生,不详（1912年前）,结识（学生）,1913年,考入北京大学预科，请鲁迅作保,1914-1916年,在医科一部肄业。在京学习期间经常来找鲁迅，多为借支学费事,,,,,
225,韩寿晋,学生,不详（1912年前）,结识（学生）,1913年,考入北京大学预科请鲁迅作保,1920年,毕业于北京大学政治系。在京学习期间经常来找鲁迅，多为借支学费事,,,,,
226,韩寿谦,学生,不详（1912年前）,结识（学生）,1913-1908年间,多次见鲁迅，有时借钱，有时为弟请假事,,,,,,,
227,王式乾,学生,不详（1912年前）,结识（学生）,1914年,考入北京工业专门学校，鲁迅曾为他考试入学作保,1919年,毕业。1914年至1919年间常向鲁迅借钱以支付学费,,,,,
228,徐宗伟,学生,1914年,结识（学生）,1914年,考入北京工业专门学校，鲁迅曾为他考试入学作保,1914-1918年间,常向鲁迅借钱以支付学费,,,,,
229,徐元,学生,不详（1912年前）,结识（学生）,1914年,考入工业专门学校，鲁迅曾为他考试入学作保,1914-1918年间,常向鲁迅借钱以支付学费,,,,,
230,尹宗益,学生,不详（1912年前）,结识（学生）,1916年,在北京大学就读理科，《鲁迅日记》载，1916年他曾有三次看望鲁迅,,,,,,,
231,许世瑛,学生,不详,结识（学生）,1930年,考入清华大学国文系时鲁迅曾为他开列应读文学书目,1936年,自清华大学研究院毕业。鲁迅在北京时，他常随父亲一起与鲁迅聚会,,,,,
232,祝庆安,学生,不详（1912年前）,结识（学生）,1916年6月11日,来看望鲁迅,1916年12月2日,来看望鲁迅,,,,,
233,吴方侯,学生,不详（1912年前）,结识（学生）,1916年,自北京高等师范学校理化部毕业后，曾任绍兴稽山中学、绍兴第五师范学校和杭州浙江第一师范学校教员,1917年间,有二十多次书信往来,,,,,
234,尹翰周,学生,不详（1912年前）,结识（学生）,1916年,在北京大学读理科。在京读书时曾4次拜访鲁迅,,,,,,,
235,孙伯康,学生,不详（1912年前）,结识（学生）,1918年5月,曾在北京看望鲁迅并有多次书信往来,,,,,,,
236,冯克书,学生,不详（1912年前）,结识（学生）,1918年7月4日,曾探访鲁迅,,,,,,,
237,胡博厚,学生,1918年9月10日,找鲁迅为他入北京大学作保证人,,,,,,,,,
238,孙伏园,学生,不详（1912年前）,结识（学生）,1919年,兼任北京《国民公报·副刊》编辑,1920年,兼任《晨报》编辑,,,,,
239,胡愈之,学生,不详（1912年前）,结识（学生）,1921年11月,因介绍爱罗先珂到北京大学任教与鲁迅开始书信往来,1926年8月30日,鲁迅抵达上海的第二天，与鲁迅首次见面,,,,,
240,宋知方,学生,不详（1912年前）,结识（学生）,1913年7月,鲁迅离京回绍兴探亲时，宋知方都去看望鲁迅,1916年12月,鲁迅离京回绍兴探亲时，宋知方都去看望鲁迅,,,,,
241,董秋芳,学生,1920年,结识（学生）,1924年底至1926年初,常拜访鲁迅，送鲁迅食品，鲁迅赠他《出了象牙之塔》一本,1926年后,与鲁迅有很多书信往来,,,,,
242,魏建功,学生,1922年,结识（学生）,1924年底至1926年初,常拜访鲁迅，送鲁迅食品，鲁迅赠他《出了象牙之塔》一本,1926年后,与鲁迅有很多书信往来,,,,,
243,许钦文,学生,1920年,结识（学生）,1923年,经孙伏园介绍结识鲁迅,1926年,短篇小说集《故乡》由鲁迅编选出版，列入《乌合从书》,,,,,
244,常维钧,学生,不详（1923年前）,结识（学生）,1923年8月,经常拜访鲁迅，他和鲁迅互有赠书，并和朋友在一起聚餐,1929年,鲁迅回京探亲，常维钧都来探望,,,,,
245,向培良,学生,不详（1924年）,结识（学生）,1924年,与鲁迅交往频繁，鲁迅曾赠他《苦闷的象征》,1925年后,又参加鲁迅主办的莽原社,,,,,
246,李庸倩,学生,不详（1924年）,结识（学生）,,,,,,,,,
247,顾世明,学生,不详（1912年前）,结识（学生）,1924年3月29日,曾拜访鲁迅,,,,,,,
248,汪震,学生,1924年3月29日,曾拜访鲁迅,,,,,,,,,
249,卢自然,学生,1924年3月29日,曾拜访鲁迅,,,,,,,,,
250,傅岩,学生,1924年3月29日,曾拜访鲁迅,,,,,,,,,
251,张目寒,学生,不详（1924年前）,结识（学生）,1924-1925年间,经常拜访鲁迅，并将李霁野等介绍给鲁迅认识,,,,,,,
252,李人灿,学生,不详（1924年）,结识（学生）,1924-1925年间,多次拜访鲁迅，向鲁迅借过钱，还请鲁迅看过小说稿,,,,,,,
253,陈翔鹤,学生,不详（1923-1927年）,结识（学生）,1924-1926年间,曾多次拜访鲁迅,1927年4月,他将所著中篇小说《不安定的灵魂》寄赠鲁迅,,,,,
254,陈炜谟,学生,不详（1923-1927年）,结识（学生）,1925-1926年间,曾和陈翔鹤、冯至一起拜访过鲁迅并有书信往来,1929年5月,鲁迅回京探亲时还和他与众朋友聚餐,,,,,
255,智健行,学生,1924年,结识（学生）,1924年,鲁迅在西安讲学时二人为西北大学国文专修科学生，鲁迅的讲演是由他们记录的,,,,,,,
256,薛效宽,学生,1924年,结识（学生）,1924年,鲁迅在西安讲学时二人为西北大学国文专修科学生，鲁迅的讲演是由他们记录的,,,,,,,
257,陆秀贞 (陆晶清),学生,1924年9月,她就拜访过鲁迅,1925年,兼任《京报·副刊》《妇女周刊》编辑。因女师大风潮与鲁迅来往,1929年,鲁迅回京探亲时她还来看望过,,,,,
258,吕云章,学生,不详（1925年前）,结识（学生）,1924-1925年,多次访鲁迅并有很多书信往来,,,,,,,
259,荆有麟,学生,1924年,结识（学生）,1925年,学校停办后，鲁迅介绍他任京报馆校对，并参加《莽原》周刊的出版工作,1926年,鲁迅南下后，他仍常去西三条，对鲁迅留京的亲属有所关照，并与鲁迅保持密切的通信联系,,,,,
260,金仲芸,学生,不详（1924年后）,结识（学生）,1924年后,常随其拜访鲁迅；鲁迅曾赠《呐喊》等书；《莽原》撰稿人,,,,,,,
261,李遇安,学生,不详（1924-1926年）,结识（学生）,1924-1926年,常为《语丝》、《莽原》撰稿，与鲁迅书信往来四十多通,1926年,任中山大学委员会职员，后赴上海，又往江西,,,,,
262,高秀英,学生,1924年12月1日,上门拜访鲁迅,1924年12月7日,上门拜访鲁迅,,,,,,,
263,许以敬,学生,1924年12月7日,与高秀英一起上门拜访鲁迅,,,,,,,,,
264,傅筑夫,学生,1924年12月14日,与梁生为拜访鲁迅，请教有关神话资料的问题,,,,,,,,,
265,梁绳祎,学生,1924年12月14日,与傅筑夫拜访鲁迅，请教有关神话资料的问题,1924年后,与鲁迅有过书信往来,,,,,,,
266,高歌,学生,不详（1924年前）,结识（学生）,1924年12月20日,随高长虹拜访鲁迅,1925-1926年,鲁迅离开北京前他经常拜访鲁迅，并常有书信往来,,,,,
267,钟青航,学生,1925年1月9日,曾拜访鲁迅,1925年8月11日,又访，《鲁迅日记》载:"夜钟青航来，似已神经错乱。",,,,,,,
268,任国桢,学生,不详（1925年前）,结识（学生）,1925年5月22日,曾登门拜访鲁迅,1925年8月,鲁迅曾为他编译的《苏联的文艺论战》一书撰写《前记》，并将该书收入《未名丛书》，于1925年8月出版,,,,,
269,李霁野,学生,1924年底,开始认识并写信给鲁迅,1925年8月底,在鲁迅发起和支持下，与韦素园、台静农等组织未名社,1925-1936年,《鲁迅日记》中提及李霁野有247处，致他的书信也有二百多通,,,,,
270,刘弄潮,学生,1925年春,结识（学生）,1925年春,在北京女师大社会主义青年团任交通员，曾受李大钊指示多次拜访鲁迅，请他指导青年工作,,,,,,,
271,孔宪书,学生,1925年4月6日,曾拜访鲁迅,,,,,,,,,
272,林卓凤,学生,不详（1925年前）,结识（学生）,1925年,曾与许广平一起拜访鲁迅,,,,,,,
273,尚钺,学生,不详（1925年前）,结识（学生）,1925年4月28日,首次与高长虹一起拜访鲁迅，之后联系频繁，鲁迅对他帮助很多,1926年,鲁迅离京后关系产生隔阂，就再无联系,,,,,
274,纪玉帆,学生,1925年5月5日,与高长虹一起拜访鲁迅,,,,,,,,,
275,曹靖华,学生,1922年,结识（学生）,1925年5月,因王希礼俄译《阿Q正传》事始与鲁迅通信,1925年,同年底加入未名社，并成为主要成员,,,,,
276,台静农,学生,1925年春,初识鲁迅,1925年春,后参加鲁迅发起成立的未名社,1925-1936年,他们经常互访，鲁迅书信中有致台静农书信九十通,,,,,
277,鲁彦,学生,1920年,结识（学生）,1925年5月14日,首次拜访鲁迅,1925-1928年,他们的书信往来也很频繁,,,,,
278,韦素园,学生,不详（1925年前）,结识（学生）,1925-1932年,鲁迅与他交往密切，经常互访，讨论稿件,1929年,鲁迅回北京探亲时曾专程看望他。他去世后鲁迅为他书写了碑记，并作《忆韦素园君》一文,,,,,
279,陈斐然,学生,1925年5月,曾5次拜访鲁迅,1925年8月,曾5次拜访鲁迅,,,,,,,
280,张平江,学生,1925年5月22日,访鲁迅,1925年5月31日,访鲁迅,,,,,,,
281,李桂生,学生,1925年6月7日,寄鲁迅信及稿，鲁迅也给予了回复,1925年6月24日,寄鲁迅信及稿，鲁迅也给予了回复,1925年8月26日,在女师大风潮中她遭到刘百昭率领的流氓殴打致伤，鲁迅亲赴医院看望,,,,,
282,赵赤坪,学生,不详（1925年前）,结识（学生）,1925年,曾随台静农、李霁野、韦素园等多次拜访鲁迅,,,,,,,
283,王顺亲,学生,1924年6月8日,初次与许羡苏一起拜访鲁迅，鲁迅赠她《呐喊》、《彷徨》、《朝花夕拾》等,,,,,,,,,
284,柯仲平,学生,1925-1926年,多次拜访鲁迅,,,,,,,,,
285,韦丛芜,学生,1925年,结识鲁迅,1925-1926年,与鲁迅书信来往较多，曾多次拜访鲁迅,1929年,自燕京大学毕业,,,,,
286,孙尧姑,学生,1925年9月6日,曾拜访鲁迅,,,,,,,,,
287,黄鹏基,学生,1925-1926年,多次拜访鲁迅，经常有书信往来,1926年,鲁迅离京南下前他和夫人石珉，及荆有麟、金仲芸夫妇在漪澜堂为鲁迅饯行,,,,,,,
288,张光人 (胡风),学生,1925年,进北京大学预科，曾旁听鲁迅讲"中国小说史",1929年,留学日本学习英文,1933年,回上海，任"中国左翼作家联盟"宣传部长、行政书记，与鲁迅往来密切,,,,,
289,冯至,学生,不详（1926年前）,结识（学生）,1926-1935年,冯至多次拜访鲁迅并一起聚过餐,,,,,,,
290,段沸声,学生,1926年,与高歌、向培良等数次访鲁迅,1926年,鲁迅离京南下时曾到车站相送,,,,,,,
291,李世军,学生,不详（1926年前）,结识（学生）,1926年5月25日,行前向鲁迅辞别,,,,,,,
292,朱寿恒,学生,1926年8月3日,得丛芜函约在北海公园茶话，晚赴之，坐中有李寿恒女士、许广平女士、常维钧、赵少侯及素园,1926年,鲁迅离京后，他们还有书信来往,,,,,,,
293,张我军,学生,1926年8月11日,曾拜访鲁迅并赠《台湾民报》,,,,,,,,,
294,刘亚雄,学生,1926年8月20日,她来向鲁迅辞行,,,,,,,,,
295,石评梅,学生,1926年,鲁迅离京南下时，她曾到车站送行,,,,,,,,,
296,海端生,外宾,1913年2月13日,下午有美国人海端生者来部，与次长谈至六时方去，同坐甚倦,,,,,,,,,
297,爱罗先珂,外宾,1921年,来到中国，被蔡元培特聘到北京大学教授世界语，并借住在八道湾住宅,1921年7月,往芬兰参加世界语大会,1921年11月,返京,,,,,
298,永持德一,外宾,1923年1月5日,永持德一君招饮于陶园，赴之，同席共九人，十时归,1923年1月7日,永持德一等日本朋友又到八道湾拜访了鲁迅,,,,,,,
299,藤冢邻,外宾,1923年1月7日,曾随永持德一拜访鲁迅，鲁迅赠他《会稽郡故书杂集》一部，唐石经拓片一份,1923年4月15日,日本友人丸山在中央饭店招饮，出席的有鲁迅、爱罗先珂、周作人、藤冢邻等共八人,1926年,鲁迅以所著《中国小说史略》寄赠给他,,,,,
300,丸山昏迷,外宾,不详（1923年前）,结识（外宾）,1923年,他与鲁迅来往很多，有时一起参加中、日朋友聚餐，鲁迅还将所著《中国小说史略》赠送给他,,,,,,,
301,今关天彭,外宾,1923年2月11日,随翻译贺嗣章来拜访鲁迅，并赠书日文版《北京顾享林祠》给鲁迅,1923年后,鲁迅到上海后，他们还有来往，并多次将自己的著作赠送鲁迅,,,,,,,
302,桔朴,外宾,1923年1月7日,曾随永持德一拜访鲁迅,,,,,,,,,
303,今村,外宾,1923年1月20日,爱罗先珂与周作人设实时与鲁迅同在座,,,,,,,,,
304,井上,外宾,1923年1月20日,爱罗先珂与周作人设宴时与鲁迅同在座,,,,,,,,,
305,清水安三,外宾,1923年1月20日,爱罗先珂与周作人设宴时与鲁迅同在座,1923年,他们还在一起喝过咖啡,,,,,,,
306,李又观,外宾,1923年3月18日,曾拜访鲁迅,,,,,,,,,
307,泽村专太郎,外宾,1923年4月,多次拜访鲁迅，并一起和周作人等北大朋友们聚餐,1923年,鲁迅曾在琉璃厂买了一份《孝堂山画像》送给他，他赠鲁迅"大同石窟诸佛影象一册",,,,,,,
308,黎君,外宾,1923年4月16日,张凤举于同和居招饮时，鲁迅与他同在座,,,,,,,,,
309,石川半山,外宾,1923年8月26日,鲁迅在北京大学上课时遇见他和丸山昏迷，当晚丸山昏迷在大陆饭店招饮，鲁迅与他同在座,,,,,,,,,
310,藤原镰兄,外宾,1923年5月8日,晚丸山昏迷在大陆饭店招饮，鲁迅与他同在座,,,,,,,,,
311,田边尚雄,外宾,1923年5月14日,鲁迅到北京大学第二院去听田边尚雄讲《中国古乐之价值》,,,,,,,,,
312,小坂狷二,外宾,1924年4月23日,曾在世界语学校演说，鲁迅前往听讲,,,,,,,,,
313,绥理绥夫,外宾,1924年12月28日,荆有麟在中兴楼餐馆宴请，他与鲁迅同在座,,,,,,,,,
314,伊法尔 (伊文),外宾,1925年7月16日,与胡成才一起访鲁迅，应是讨论翻译的问题,,,,,,,,,
315,峰簱良充,外宾,1925年9月,多次拜访鲁迅,1925年9月17日,曾在石田料理店宴请鲁迅,,,,,,,
316,伊藤武雄,外宾,1925年9月17日,峰簱良充在石田料理店宴请鲁迅时在座,,,,,,,,,
317,立田清辰,外宾,1925年9月17日,峰簱良充在石田料理店宴请鲁迅时在座,,,,,,,,,
318,重光葵,外宾,1925年9月17日,峰簱良充在石田料理店宴请鲁迅时在座,,,,,,,,,
319,王希礼,外宾,1925年,通过曹靖华认识鲁迅并书信往来,1925年10月25日,王希礼上门拜访鲁迅，鲁迅赠他《苏俄文艺论战 》、《中国小说史略》各一本,1925年10月28日,鲁迅前往王希礼下榻的六国饭店回访王希礼，并赠他《语丝》合订本,,,,,
320,Bartlett (巴特勒特),外宾,1926年6月11日,由韦丛芜介绍拜访鲁迅 ，拟写《与鲁迅先生谈话》未成,,,,,,,,,
321,辛岛骁,外宾,1926年8月17日,首次拜访鲁迅,1926-1929年,他们有许多书信往来,1933年,辛岛骁任朝鲜大学教授时，还给鲁迅寄玩具及食品,,,,,
322,小林胖生,外宾,1926年7月1日,曾宴请鲁迅,,,,,,,,,
323,季自求,各界,1912年10月4日,季自求首次拜访鲁迅,1912年10月7日,鲁迅到季自求所住的南通会馆回访,1918年,他们的交往就很少了,,,,,
324,袁世凯,各界,1912年11月2日,鲁迅收到袁世凯签署的委任状："任命周树人为教育部金事，此状。",1912年12月26日,晨赴铁狮子胡同总统府同教育部员见袁总统，见毕述关于教育之意见可百余语，少顷出,1915年,鲁迅还受过袁授予的"五等嘉禾勋章",,,,,
325,刘历青,各界,1912年10月4日,与季自求一起首次拜访鲁迅,1913年2月23日,午后季自求、刘立青来，立青为作山水一幅,1914年11月22日,午后刘立青来，捉令作画,,,,,
326,蒯若木,各界,不详（日本留学）,结识（同期留日）,1921年2月2日,他的夫人去世，鲁迅还去他家吊唁,,,,,,,
327,吴一斋,各界,不详（日本留学）,结识（同期留日）,1917年4月14日,寄吴一斋信。信的内容现已不可考,,,,,,,
328,顾石臣,各界,1912年5月21日,晚顾石臣来，纠缠不已，良久始去,1912年5月22日,来访鲁迅,1915年11月,有两次宴会二人是同处一桌的。以后他们之间再无交往,,,,,
329,江叔海,各界,1912年,在筹建京师图书馆期间，负责管理该馆，鲁迅曾和他有过一次通信，向他介绍藏书情况,1913年2月,江叔海离任，鲁迅去与他见面，讨论交接事宜,,,,,,,
330,夏揖颜,各界,1913年1月23日,访鲁迅，《鲁迅日记》载："计不见已十年。",1913年2月18日,早晨，鲁迅收到夏揖颜信，说将返回南方；在去教育部的路上遇见了他，随即返回邑馆，取了二套《域外小说集》送给他,,,,,,,
331,王懋熔,各界,1913年,"与鲁迅交往较多，曾赠鲁迅《小学答问》,鲁迅也到图书馆找他借书、还书。他病逝后，鲁迅还曾""奠王佐昌三元""",,,,,,,,,
332,徐景文,各界,1913年,结识（牙医）,1913-1916年,鲁迅共到徐景文的牙科诊所治牙19次,,,,,,,
333,卢润州,各界,1916年,到京多次拜访鲁迅，并一起共过饭,,,,,,,,,
334,单新斋,各界,1913年9月2日,早同学单新斋来谋生活无着，劝之归，送川资十元,,,,,,,,,
335,齐如山,各界,1915年9月,被聘为通俗教育研究会戏曲股名誉会员。鲁迅与齐家兄弟交谊颇深，一起聚过餐，他还曾以自著《说戏》一册送给鲁迅,,,,,,,,,
336,黄季刚,各界,不详（日本留学）,结识（同学）,1914年,"任北京大学教授。鲁迅曾赠他《域外小说集》,还曾与他和北京大学教授们聚过餐",,,,,,,
337,王君直,各界,1913年11月15日,伍仲文为张仲素到长江一带视察饯行，鲁迅与他同在座,,,,,,,,,
338,雷志潜,各界,1913年,时任京师图书馆馆员，与鲁迅有多次接触,,,,,,,,,
339,张景良,各界,1914年1月16日,晚顾养吾招饮于醉琼林，以印二弟所译《炭画》事与文明书局总纂商榷也,1914年4月,《炭画》顺利出版。以后他们为出版事还有一次书信往来,,,,,,,
340,汤聘之,各界,1914年4月6日,汤聘之持来雨生的信来找鲁迅，请其为自己参加应县知事考试作保。鲁迅与他只有一面之缘,,,,,,,,,
341,侯希民,各界,1914年5月14日,到北京医院由侯希民医师看病并开药,,,,,,,,,
342,程伯高,各界,1914年11月22日,刘历青在广和居请客时与鲁迅同在座。后鲁迅送过他《小学答问》一本,,,,,,,,,
343,汪旭初,各界,1914年12月31日,在马幼渔家聚餐时与鲁迅同在座,,,,,,,,,
344,刘济舟,各界,1915年1月,拜访鲁迅，鲁迅与几个老同学在劝业场请他吃了饭,,,,,,,,,
345,刘升,各界,1929年,鲁迅在上海时，还给鲁迅写过信,,,,,,,,,
346,沈康伯,各界,1915年7月8日,来北京拜访过鲁迅,1915年7月20日,沈康伯将赴吉林，晚与伍仲文、张协和公饯于韩家潭杏花春，坐中又有范逸丞、 稚和兄弟及顾石臣,,,,,,,
347,陆润青,各界,1915年9月6日,曾拜访鲁迅,,,,,,,,,
348,陈孝庄,各界,1915年9月29日,高阆仙在同和居请客时，与鲁迅同在座,,,,,,,,,
349,郭令之,各界,1915年10月12日,曾赠鲁迅《急就章草法考》二册、《偏旁表》一册，石印大本,,,,,,,,,
350,魏兰,各界,1915年11月21日,经龚未生介绍于1915年11月21日拜访鲁迅,,,,,,,,,
351,范逸丞,各界,1912年10月26日,相遇并购买布,1915年11月20日,在韩家潭杏花春饭庄聚餐,1915年11月21日,在陕西巷聚餐,,,,,
352,余日章,各界,1915年12月6日,鲁迅出席其演说“各国教育之比较”,,,,,,,,,
353,黄炎培,各界,1915年12月16日,鲁迅出席教育部为其办的茶话会,,,,,,,,,
354,祝荫庭,各界,1916年1月24日,鲁迅赠礼金一元以示哀悼（其母丧）,,,,,,,,,
355,马孝先,各界,1917年,四次拜访鲁迅,1917年,鲁迅赠《会稽郡故书杂集》一部及重出拓片,,,,,,,
356,王画初,各界,1917年7月12日,一起到许寿裳家避难,1918年8月31日,在齐寿山家聚餐,,,,,,,
357,刘半农,各界,1918年2月10日,首次拜访鲁迅,1926年,鲁迅为其校勘的《何典》作题记,,,,,,,
358,胡适,各界,1918年至1920年,共同参与《新青年》编辑工作,1924年前,往来研究小说史,,,,,,,
359,顾石君,各界,1918年8月31日,在齐寿山家聚餐同席,,,,,,,,,
360,徐悲鸿,各界,1918年12月22日,同席于刘半农设宴的中兴茶楼,,,,,,,,,
361,陶孟和,各界,1919年2月12日,鲁迅参加其赴欧洲饯行宴,,,,,,,,,
362,刘文典,各界,1919年4月29日,同席于前门外西车站饭局,,,,,,,,,
363,陈顺龙,各界,1917年至1923年,鲁迅多次到其处治牙,,,,,,,,,
364,李大钊,各界,1918年前后,在《新青年》编辑会上相识并交往,,,,,,,,,
365,傅斯年,各界,1919年4月,有书信往来,,,,,,,,,
366,陈独秀,各界,1920年至1921年,鲁迅经常寄稿件给他并有书信往来,,,,,,,,,
367,郑振铎,各界,1921年4月,开始通信,1926年,在上海首次见面,,,,,,,
368,汪静之,各界,1921年,通过周作人相识并开始通信,1925年8月26日,与章衣萍、吴曙天一起拜访鲁迅,,,,,,,
369,宫竹心,各界,1921年,书信往来,1921年10月16日,首次拜访鲁迅,1921年11月25日,再次拜访鲁迅,,,,,
370,高福林,各界,1921年8月10日,拜访鲁迅,,,,,,,,,
371,张凤举,各界,1925年12月至1926年4月,与鲁迅轮流编辑《国民新报·副刊》,1921年至1929年,互赠书籍、拓片及聚餐,,,,,,,
372,萧友梅,各界,1921年9月1日,同席于马幼渔宴请,,,,,,,,,
373,徐耀辰,各界,1923年,常一起聚餐宴饮,1929年5月,鲁迅回京探亲时聚餐,,,,,,,
374,贺嗣章,各界,1923年1月5日,同席于永持德一招饮的陶园宴,,,,,,,,,
375,冯省三,各界,1923年至1924年,来往密切，鲁迅到世界语专门学校兼课,,,,,,,,,
376,李小峰,各界,1923年4月8日,首次在中央公园见面,1924年,共同创办《语丝》周刊,1925年,在鲁迅支持下创立北新书局,,,,,
377,蔡漱六,各界,1925年3月后,常与李小峰一起拜访鲁迅,,,,,,,,,
378,陈声树,各界,1923年6月7日,鲁迅参加世界语学校筹款游艺会,1923年至1924年,常到鲁迅家商谈,,,,,,,
379,李茂如,各界,1923年8月至10月,引领鲁迅看房,,,,,,,,,
380,吴月川,各界,1923年8月后,引领鲁迅看房并作为中间人购买西三条21号院,,,,,,,,,
381,俞平伯,各界,1923年11月10日,托李小峰、孙伏园赠鲁迅照片,,,,,,,,,
382,连海,各界,1923年12月2日,鲁迅买房办完房契后共饭,,,,,,,,,
383,伊立布,各界,1923年12月2日,鲁迅买房办完房契后共饭,,,,,,,,,
384,陈蓉镜,各界,1923年12月7日,鲁迅赠礼金一元（其夫人去世）,,,,,,,,,
385,李德海,各界,1924年1月至5月,鲁迅付工钱翻修西三条21号院,,,,,,,,,
386,邓梦先,各界,1924年2月25日,为鲁迅种痘和诊断,1924年2月28日,拜访鲁迅并赠书《桃色的云》,,,,,,,
387,顾竹侯,各界,1924年4月16日,在女子高等师范学校文艺研究会相见,,,,,,,,,
388,邓以蛰,各界,1924年5月11日,在中央公园相遇交谈,,,,,,,,,
389,杨荫榆,各界,1924年9月14日,与胡人哲一起造访鲁迅劝说不要辞职,,,,,,,,,
390,胡人哲,各界,1924年9月14日,与杨荫榆一起造访鲁迅,1924年至1925年,交往很多，鲁迅曾到医院探望,,,,,,,
391,章衣萍,各界,1924年9月28日,由孙伏园介绍首次拜访鲁迅,,,,,,,,,
392,吴曙嵩,各界,1924年至1930年,经常拜访鲁迅，聚餐宴饮，互赠书籍,,,,,,,,,
393,顾颉刚,各界,1924年10月12日,与常维钧首次拜访鲁迅,之后,常有书信往来，鲁迅为《国学季刊》设计封面,,,,,,,
394,高长虹,各界,1924年12月10日,初次晤见鲁迅,1925年,与鲁迅等合办《莽原》,,,,,,,
395,项拙,各界,1924年12月28日,同席于荆有麟设宴的中兴楼餐馆,,,,,,,,,
396,胡崇轩,各界,1924年12月至1925年4月,合编《京报·民众文艺周刊》，鲁迅审阅稿件并作杂文,,,,,,,,,
397,阎宗临,各界,1925年2月8日,在高长虹陪同下首访鲁迅并互赠书籍,,,,,,,,,
398,冯文炳,各界,1925年至1929年,多次拜访鲁迅并有书信往来,,,,,,,,,
399,黄昌谷,各界,1925年2月17日,与邵元冲一起请鲁迅宴饮,,,,,,,,,
400,徐旭生,各界,1925年至1929年,常有书信往来，互访和聚餐,,,,,,,,,
401,张辛南,各界,1924年,负责接待鲁迅在西安讲学,,,,,,,,,
402,刘子庚,各界,1925年3月20日,赠鲁迅自刻本《濯绛宦词》,,,,,,,,,
403,王又康,各界,1925年3月21日,同席于西车站食堂宴饮,,,,,,,,,
404,陆士钰,各界,1925年3月28日,与荆有麟、胡也频一起拜访鲁迅,,,,,,,,,
405,李庆裕,各界,1925年4月3日,议种花树,1925年4月5日,种树,,,,,,,
406,陈空三,各界,1924年4月7日,鲁迅到顺城街拜访,,,,,,,,,
407,李小酩,各界,1925年4月至10月,多次因稿件事造访鲁迅,,,,,,,,,
408,赵荫棠,各界,1925年5月29日,拜访鲁迅,1926年6月9日,再次拜访鲁迅,,,,,,,
409,索非,各界,1925年5月14日,拜访鲁迅,,,,,,,,,
410,邵飘萍,各界,1925年4月至11月,鲁迅编辑《莽原》周刊,1925年5月25日,鲁迅寄其《对于北京女子师范大学风潮宣言》,1925年5月27日,宣言发表,,,,,
411,胡敩,各界,1925年6月20日,初次见鲁迅,1925年7月至10月,多次造访讨论翻译,,,,,,,
412,抱朴,各界,1925年7月16日,造访鲁迅,,,,,,,,,
413,李玄伯,各界,1925年,鲁迅寄稿件给他,1926年3月7日,同席于刘半农家宴,,,,,,,
414,李福海,各界,1925年10月28日,拜访鲁迅,,,,,,,,,
415,顾孟余,各界,1925年至1934年,多有书信往来，鲁迅多次拜访,,,,,,,,,
416,邓飞黄,各界,1925年12月7日,拜访鲁迅,1925年至1926年,鲁迅为其编辑《国民新报·副刊》并书信往来,,,,,,,
417,林语堂,各界,1924年至1926年,为《语丝》、《莽原》等撰稿,1926年3月7日,同席于刘半农家宴,,,,,,,
418,郑效洵,各界,1925年12月22日,与向培良一起拜访鲁迅,1926年2月12日,与高长虹一起拜访鲁迅,1926年2月13日,再次与高长虹拜访鲁迅,,,,,
419,敬隐渔,各界,1926年至1927年,书信往来，翻译鲁迅作品,,,,,,,,,
420,缪金源,各界,1923年,书信往来,1926年5月1日,拜访鲁迅,,,,,,,
421,傅彦长,各界,1926年5月15日,拜访鲁迅,,,,,,,,,
422,马玨,各界,1925年,写《初次见鲁迅先生》一文,1925年至1932年,通信往来，鲁迅常赠书,,,,,,,
423,陈慎之,各界,1926年6月15日,拜访鲁迅,1926年6月18日,再次拜访鲁迅,,,,,,,
424,赵丹若,各界,1925年,与鲁迅等组织校务维持会（女师大风潮）,1926年8月14日,拜访鲁迅,,,,,,,
